"Symbol  ","Series  ","Date  ","Prev Close  ","Open Price  ","High Price  ","Low Price  ","Last Price  ","Close Price  ","Average Price ","Total Traded Quantity  ","Turnover ₹  ","No. of Trades  ","Deliverable Qty  ","% Dly Qt to Traded Qty  "
"KOTAKBANK","EQ","04-Oct-2024","1,822.80","1,815.50","1,850.00","1,798.35","1,813.00","1,809.00","1,819.18","37,34,632","6,79,39,81,253.35","1,94,803","19,34,265","51.79"
"KOTAKBANK","EQ","07-Oct-2024","1,809.00","1,810.00","1,836.40","1,769.40","1,795.30","1,790.25","1,801.29","74,46,633","13,41,35,16,755.75","2,41,836","28,21,709","37.89"
"KOTAKBANK","EQ","08-Oct-2024","1,790.25","1,800.00","1,814.00","1,781.85","1,805.10","1,803.40","1,802.84","50,97,103","9,18,92,69,087.70","1,67,492","35,13,167","68.92"
"KOTAKBANK","EQ","09-Oct-2024","1,803.40","1,801.00","1,820.00","1,789.90","1,804.90","1,800.80","1,803.69","70,78,802","12,76,79,51,879.30","2,37,657","33,70,417","47.61"
"KOTAKBANK","EQ","10-Oct-2024","1,800.80","1,809.90","1,884.00","1,805.30","1,870.00","1,876.10","1,863.15","59,05,798","11,00,33,68,846.40","2,51,969","30,08,378","50.94"
"KOTAKBANK","EQ","11-Oct-2024","1,876.10","1,872.20","1,893.60","1,861.15","1,884.45","1,882.40","1,882.02","52,11,580","9,80,83,16,489.40","1,32,738","38,90,465","74.65"
"KOTAKBANK","EQ","14-Oct-2024","1,882.40","1,885.05","1,916.00","1,882.45","1,912.75","1,910.80","1,908.56","43,91,138","8,38,07,53,954.80","1,58,328","32,01,788","72.91"
"KOTAKBANK","EQ","15-Oct-2024","1,910.80","1,912.20","1,915.35","1,887.45","1,895.40","1,895.20","1,897.44","42,95,493","8,15,04,57,993.80","1,71,087","32,95,321","76.72"
"KOTAKBANK","EQ","16-Oct-2024","1,895.20","1,884.00","1,892.45","1,868.15","1,869.90","1,876.35","1,877.48","31,45,556","5,90,57,04,932.85","1,69,770","20,20,210","64.22"
"KOTAKBANK","EQ","17-Oct-2024","1,876.35","1,876.35","1,878.30","1,851.30","1,859.55","1,864.05","1,862.70","35,41,432","6,59,66,33,546.30","1,17,717","26,74,032","75.51"
"KOTAKBANK","EQ","18-Oct-2024","1,864.05","1,868.00","1,878.50","1,848.00","1,871.85","1,871.05","1,868.42","38,34,767","7,16,49,68,183.00","1,73,161","24,91,471","64.97"
"KOTAKBANK","EQ","21-Oct-2024","1,871.05","1,850.00","1,855.00","1,735.00","1,782.50","1,789.20","1,777.26","1,31,78,137","23,42,09,71,357.40","3,94,637","77,87,912","59.10"
"KOTAKBANK","EQ","22-Oct-2024","1,789.20","1,791.95","1,795.50","1,758.85","1,776.55","1,763.15","1,768.34","54,94,382","9,71,59,12,165.05","2,53,121","29,04,513","52.86"
"KOTAKBANK","EQ","23-Oct-2024","1,763.15","1,761.15","1,787.05","1,758.10","1,765.95","1,767.80","1,769.98","28,36,137","5,01,99,00,681.95","1,04,559","15,14,348","53.39"
"KOTAKBANK","EQ","24-Oct-2024","1,767.80","1,766.00","1,772.75","1,750.30","1,765.00","1,762.20","1,760.17","23,16,820","4,07,80,04,286.30","1,12,834","15,63,790","67.50"
"KOTAKBANK","EQ","25-Oct-2024","1,762.20","1,765.00","1,786.50","1,757.00","1,770.00","1,768.85","1,768.11","28,29,227","5,00,23,93,369.65","1,01,475","15,93,924","56.34"
"KOTAKBANK","EQ","28-Oct-2024","1,768.85","1,768.00","1,780.65","1,745.05","1,753.00","1,749.85","1,757.63","33,02,148","5,80,39,58,310.50","1,43,061","19,14,081","57.96"
"KOTAKBANK","EQ","29-Oct-2024","1,749.85","1,743.50","1,767.15","1,730.70","1,762.00","1,760.20","1,751.03","41,58,119","7,28,09,96,077.55","1,60,046","23,44,084","56.37"
"KOTAKBANK","EQ","30-Oct-2024","1,760.20","1,727.00","1,760.00","1,726.60","1,736.00","1,734.60","1,740.87","43,85,949","7,63,53,61,099.90","1,54,139","23,64,383","53.91"
"KOTAKBANK","EQ","31-Oct-2024","1,734.60","1,727.35","1,746.60","1,723.95","1,736.00","1,731.10","1,731.86","29,44,670","5,09,97,61,084.25","1,37,185","18,96,334","64.40"
"KOTAKBANK","EQ","01-Nov-2024","1,731.10","1,739.60","1,754.15","1,736.35","1,742.00","1,744.40","1,744.77","1,82,489","31,84,00,710.20","13,278","69,988","38.35"
"KOTAKBANK","EQ","04-Nov-2024","1,744.40","1,744.00","1,744.00","1,724.25","1,729.00","1,729.35","1,732.43","28,84,830","4,99,77,63,262.60","1,33,956","13,31,396","46.15"
"KOTAKBANK","EQ","05-Nov-2024","1,729.35","1,721.50","1,760.50","1,711.00","1,758.95","1,757.15","1,738.96","40,28,615","7,00,56,07,167.55","1,29,659","20,83,828","51.73"
"KOTAKBANK","EQ","06-Nov-2024","1,757.15","1,760.10","1,768.45","1,746.60","1,764.00","1,762.60","1,758.94","36,52,252","6,42,40,77,996.50","1,04,633","21,99,948","60.24"
"KOTAKBANK","EQ","07-Nov-2024","1,762.60","1,763.00","1,765.00","1,733.00","1,745.50","1,746.90","1,743.87","30,60,984","5,33,79,47,937.20","91,821","21,95,759","71.73"
"KOTAKBANK","EQ","08-Nov-2024","1,746.90","1,745.00","1,764.10","1,738.90","1,749.00","1,745.80","1,750.25","36,46,825","6,38,28,45,119.50","1,21,297","25,35,313","69.52"
"KOTAKBANK","EQ","11-Nov-2024","1,745.80","1,745.00","1,763.30","1,737.20","1,740.35","1,744.00","1,748.58","32,05,030","5,60,42,43,328.40","1,37,845","15,92,987","49.70"
"KOTAKBANK","EQ","12-Nov-2024","1,744.00","1,744.80","1,749.40","1,715.20","1,721.00","1,721.40","1,727.77","32,28,390","5,57,79,16,066.10","1,59,904","19,08,915","59.13"
"KOTAKBANK","EQ","13-Nov-2024","1,721.40","1,714.00","1,728.15","1,679.05","1,693.50","1,687.85","1,700.86","35,93,490","6,11,20,33,524.80","1,39,342","17,92,152","49.87"
"KOTAKBANK","EQ","14-Nov-2024","1,687.85","1,690.00","1,712.60","1,689.80","1,708.55","1,707.90","1,704.18","33,27,758","5,67,11,07,695.60","1,72,759","24,09,019","72.39"
"KOTAKBANK","EQ","18-Nov-2024","1,707.90","1,714.00","1,728.25","1,699.70","1,719.15","1,722.75","1,718.88","20,82,415","3,57,94,13,983.40","85,669","14,29,002","68.62"
"KOTAKBANK","EQ","19-Nov-2024","1,722.75","1,729.80","1,739.80","1,713.50","1,722.50","1,727.75","1,730.43","27,59,663","4,77,53,93,473.75","1,14,959","17,79,219","64.47"
"KOTAKBANK","EQ","21-Nov-2024","1,727.75","1,715.10","1,740.75","1,703.75","1,739.00","1,737.10","1,726.98","32,94,059","5,68,87,57,638.40","1,30,418","17,66,410","53.62"
"KOTAKBANK","EQ","22-Nov-2024","1,737.10","1,734.00","1,772.20","1,732.90","1,761.80","1,761.45","1,758.21","35,53,726","6,24,81,95,787.20","1,28,374","26,05,053","73.30"
"KOTAKBANK","EQ","25-Nov-2024","1,761.45","1,782.00","1,794.60","1,766.90","1,792.00","1,790.75","1,784.63","68,71,432","12,26,29,84,351.90","1,44,617","49,92,708","72.66"
"KOTAKBANK","EQ","26-Nov-2024","1,790.75","1,795.00","1,795.95","1,775.00","1,782.45","1,783.60","1,784.96","23,12,739","4,12,81,55,813.85","1,17,967","12,86,071","55.61"
"KOTAKBANK","EQ","27-Nov-2024","1,783.60","1,780.95","1,805.50","1,779.10","1,780.00","1,783.20","1,793.18","32,02,444","5,74,25,71,715.75","1,11,680","16,56,976","51.74"
"KOTAKBANK","EQ","28-Nov-2024","1,783.20","1,783.25","1,788.90","1,753.50","1,763.80","1,759.20","1,764.96","39,71,395","7,00,93,52,953.25","1,40,917","27,80,888","70.02"
"KOTAKBANK","EQ","29-Nov-2024","1,759.20","1,757.00","1,773.60","1,757.00","1,761.25","1,765.25","1,765.40","29,87,994","5,27,49,93,125.40","1,34,558","21,19,083","70.92"
"KOTAKBANK","EQ","02-Dec-2024","1,765.25","1,765.00","1,772.60","1,746.00","1,755.75","1,753.95","1,751.35","42,65,280","7,47,00,08,318.25","95,812","28,77,164","67.46"
"KOTAKBANK","EQ","03-Dec-2024","1,753.95","1,760.00","1,761.20","1,740.00","1,750.00","1,749.90","1,748.39","39,71,650","6,94,40,10,927.60","1,44,219","30,86,428","77.71"
"KOTAKBANK","EQ","04-Dec-2024","1,749.90","1,752.00","1,767.00","1,746.40","1,759.65","1,757.50","1,757.65","31,86,786","5,60,12,47,088.65","1,31,153","23,90,260","75.01"
"KOTAKBANK","EQ","05-Dec-2024","1,757.50","1,764.00","1,788.65","1,748.00","1,776.00","1,775.15","1,770.99","56,97,229","10,08,97,63,308.95","2,09,634","36,81,232","64.61"
"KOTAKBANK","EQ","06-Dec-2024","1,775.15","1,773.90","1,785.05","1,761.00","1,775.25","1,776.95","1,775.82","25,95,882","4,60,98,16,700.45","1,20,678","19,06,323","73.44"
"KOTAKBANK","EQ","09-Dec-2024","1,776.95","1,768.10","1,804.95","1,768.10","1,786.95","1,786.25","1,791.83","25,54,023","4,57,63,74,690.75","1,20,368","17,68,696","69.25"
"KOTAKBANK","EQ","10-Dec-2024","1,786.25","1,783.25","1,802.80","1,783.25","1,799.10","1,794.70","1,792.96","19,79,884","3,54,98,47,420.65","92,144","14,70,268","74.26"
"KOTAKBANK","EQ","11-Dec-2024","1,794.70","1,796.00","1,806.80","1,789.95","1,795.00","1,794.70","1,797.73","23,93,428","4,30,27,48,698.80","1,46,978","18,36,914","76.75"
"KOTAKBANK","EQ","12-Dec-2024","1,794.70","1,790.00","1,796.45","1,765.35","1,773.00","1,768.70","1,773.09","34,88,259","6,18,49,81,441.45","1,38,972","25,43,780","72.92"
"KOTAKBANK","EQ","13-Dec-2024","1,768.70","1,758.35","1,809.00","1,748.05","1,804.90","1,805.65","1,777.45","38,93,531","6,92,05,51,942.50","1,87,325","25,22,056","64.78"
"KOTAKBANK","EQ","16-Dec-2024","1,805.65","1,803.00","1,813.00","1,793.85","1,800.00","1,804.45","1,801.41","29,89,393","5,38,51,36,225.40","1,05,342","20,58,757","68.87"
"KOTAKBANK","EQ","17-Dec-2024","1,804.45","1,796.10","1,806.85","1,775.00","1,781.00","1,784.05","1,784.47","35,92,861","6,41,13,61,535.85","1,14,350","25,55,416","71.12"
"KOTAKBANK","EQ","18-Dec-2024","1,784.05","1,782.00","1,786.70","1,770.35","1,780.00","1,780.00","1,779.73","35,29,430","6,28,14,49,565.45","1,01,262","25,07,467","71.04"
"KOTAKBANK","EQ","19-Dec-2024","1,780.00","1,763.45","1,768.00","1,745.40","1,763.45","1,762.10","1,756.92","40,74,080","7,15,78,51,905.40","1,34,049","30,15,670","74.02"
"KOTAKBANK","EQ","20-Dec-2024","1,762.10","1,755.00","1,768.85","1,733.35","1,748.70","1,743.55","1,744.90","1,46,85,688","25,62,50,36,882.65","1,54,525","1,15,89,230","78.92"
"KOTAKBANK","EQ","23-Dec-2024","1,743.55","1,747.50","1,764.20","1,740.00","1,742.05","1,745.35","1,748.55","27,48,036","4,80,50,70,781.30","95,146","17,97,121","65.40"
"KOTAKBANK","EQ","24-Dec-2024","1,745.35","1,742.55","1,754.65","1,738.05","1,750.00","1,749.05","1,747.17","27,12,625","4,73,94,11,815.30","86,550","12,66,810","46.70"
"KOTAKBANK","EQ","26-Dec-2024","1,749.05","1,756.80","1,769.45","1,742.05","1,759.15","1,752.80","1,755.21","11,32,006","1,98,69,02,884.85","69,593","5,34,499","47.22"
"KOTAKBANK","EQ","27-Dec-2024","1,752.80","1,760.00","1,777.20","1,754.00","1,760.05","1,759.90","1,762.95","24,48,271","4,31,61,86,371.90","65,635","17,47,624","71.38"
"KOTAKBANK","EQ","30-Dec-2024","1,759.90","1,765.00","1,781.00","1,733.50","1,741.20","1,740.70","1,750.47","55,02,772","9,63,24,26,366.60","1,51,204","28,51,598","51.82"
"KOTAKBANK","EQ","31-Dec-2024","1,740.70","1,735.05","1,796.60","1,735.05","1,785.00","1,786.05","1,781.30","47,31,698","8,42,85,61,946.85","1,50,931","25,19,817","53.25"
"KOTAKBANK","EQ","01-Jan-2025","1,786.05","1,779.25","1,796.75","1,777.00","1,788.10","1,788.40","1,788.68","14,84,828","2,65,58,79,180.50","78,772","8,60,149","57.93"
"KOTAKBANK","EQ","02-Jan-2025","1,788.40","1,800.00","1,840.20","1,796.90","1,834.05","1,837.15","1,828.42","50,96,987","9,31,94,31,122.75","1,89,976","33,07,242","64.89"
"KOTAKBANK","EQ","03-Jan-2025","1,837.15","1,851.00","1,853.00","1,817.10","1,835.70","1,838.65","1,835.99","42,77,149","7,85,27,98,833.80","1,76,893","29,22,269","68.32"
"KOTAKBANK","EQ","06-Jan-2025","1,838.65","1,821.00","1,825.00","1,772.90","1,777.90","1,779.65","1,788.22","39,92,395","7,13,92,64,262.05","1,58,474","27,29,438","68.37"
"KOTAKBANK","EQ","07-Jan-2025","1,779.65","1,787.00","1,797.45","1,769.90","1,770.65","1,772.05","1,782.81","43,99,938","7,84,42,67,374.60","1,38,267","30,88,333","70.19"
"KOTAKBANK","EQ","08-Jan-2025","1,772.05","1,780.10","1,784.70","1,762.45","1,765.05","1,768.65","1,770.73","43,64,679","7,72,86,50,677.05","1,74,290","26,98,791","61.83"
"KOTAKBANK","EQ","09-Jan-2025","1,768.65","1,774.00","1,808.70","1,774.00","1,791.00","1,790.20","1,791.64","54,69,827","9,79,99,45,826.35","2,30,709","37,06,098","67.76"
"KOTAKBANK","EQ","10-Jan-2025","1,790.20","1,784.20","1,789.65","1,753.35","1,759.50","1,756.20","1,770.10","35,02,618","6,19,99,84,677.10","1,65,381","24,66,219","70.41"
"KOTAKBANK","EQ","13-Jan-2025","1,756.20","1,732.90","1,744.55","1,723.75","1,740.00","1,738.40","1,735.95","30,92,388","5,36,82,39,974.55","1,05,945","22,14,009","71.60"
"KOTAKBANK","EQ","14-Jan-2025","1,738.40","1,749.60","1,768.85","1,729.60","1,759.50","1,750.60","1,746.99","49,48,961","8,64,57,92,071.60","1,92,138","35,40,629","71.54"
"KOTAKBANK","EQ","15-Jan-2025","1,750.60","1,760.10","1,795.00","1,760.10","1,788.00","1,789.60","1,785.32","35,09,861","6,26,62,21,452.45","1,34,844","25,33,203","72.17"
"KOTAKBANK","EQ","16-Jan-2025","1,789.60","1,795.80","1,814.95","1,785.35","1,806.00","1,805.55","1,805.36","44,51,534","8,03,66,00,953.45","1,94,340","31,06,806","69.79"
"KOTAKBANK","EQ","17-Jan-2025","1,805.55","1,797.00","1,805.50","1,748.30","1,759.05","1,758.60","1,762.59","35,21,728","6,20,73,79,668.10","1,70,335","23,48,861","66.70"
"KOTAKBANK","EQ","20-Jan-2025","1,758.60","1,890.00","1,929.90","1,866.00","1,918.00","1,920.50","1,912.23","1,33,24,315","25,47,91,95,049.45","4,14,832","61,04,123","45.81"
"KOTAKBANK","EQ","21-Jan-2025","1,920.50","1,920.95","1,920.95","1,891.00","1,893.60","1,893.30","1,901.43","44,15,663","8,39,60,73,106.55","1,52,161","20,05,109","45.41"
"KOTAKBANK","EQ","22-Jan-2025","1,893.30","1,899.00","1,920.50","1,887.05","1,915.10","1,917.50","1,908.40","41,76,669","7,97,07,45,670.05","1,55,652","24,27,237","58.11"
"KOTAKBANK","EQ","23-Jan-2025","1,917.50","1,907.10","1,923.95","1,892.10","1,893.00","1,894.85","1,907.05","31,61,159","6,02,84,92,282.40","1,91,618","18,20,746","57.60"
"KOTAKBANK","EQ","24-Jan-2025","1,894.85","1,891.00","1,918.50","1,873.05","1,883.40","1,886.20","1,896.05","40,25,366","7,63,22,82,178.35","89,533","25,38,594","63.06"
"KOTAKBANK","EQ","27-Jan-2025","1,886.20","1,875.00","1,898.80","1,862.75","1,878.70","1,881.40","1,882.75","19,28,503","3,63,08,97,730.40","1,17,348","10,50,929","54.49"
"KOTAKBANK","EQ","28-Jan-2025","1,881.40","1,895.00","1,905.00","1,870.80","1,887.00","1,887.75","1,887.06","51,57,384","9,73,23,18,447.60","1,88,079","34,00,666","65.94"
"KOTAKBANK","EQ","29-Jan-2025","1,887.75","1,887.80","1,924.70","1,885.00","1,922.90","1,920.35","1,913.37","23,51,631","4,49,95,29,422.20","97,665","14,33,917","60.98"
"KOTAKBANK","EQ","30-Jan-2025","1,920.35","1,920.35","1,938.10","1,877.45","1,903.80","1,901.50","1,908.46","42,39,181","8,09,03,01,027.40","2,05,022","15,78,645","37.24"
"KOTAKBANK","EQ","31-Jan-2025","1,901.50","1,903.05","1,908.95","1,889.60","1,900.00","1,901.30","1,899.58","23,33,229","4,43,21,63,960.75","1,26,893","16,82,092","72.09"
"KOTAKBANK","EQ","01-Feb-2025","1,901.30","1,899.00","1,917.15","1,871.60","1,910.70","1,903.10","1,901.36","10,96,357","2,08,45,70,873.75","59,242","3,73,301","34.05"
"KOTAKBANK","EQ","03-Feb-2025","1,903.10","1,893.60","1,903.80","1,881.55","1,885.85","1,884.50","1,889.37","33,19,808","6,27,23,60,513.75","1,17,826","27,08,150","81.58"
"KOTAKBANK","EQ","04-Feb-2025","1,884.50","1,891.05","1,941.20","1,877.20","1,931.30","1,928.50","1,913.85","53,32,618","10,20,58,08,606.55","1,96,759","35,63,578","66.83"
"KOTAKBANK","EQ","05-Feb-2025","1,928.50","1,937.80","1,938.95","1,902.35","1,909.00","1,911.75","1,920.08","34,27,385","6,58,08,50,142.80","1,65,065","24,46,245","71.37"
"KOTAKBANK","EQ","06-Feb-2025","1,911.75","1,917.00","1,920.00","1,896.45","1,916.80","1,915.95","1,908.10","31,93,971","6,09,44,13,578.80","1,43,785","21,60,500","67.64"
"KOTAKBANK","EQ","07-Feb-2025","1,915.95","1,921.00","1,960.60","1,907.90","1,957.40","1,929.25","1,921.40","44,14,174","8,48,14,07,757.80","1,48,252","32,24,693","73.05"
"KOTAKBANK","EQ","10-Feb-2025","1,929.25","1,935.30","1,965.00","1,923.55","1,962.85","1,960.15","1,946.73","35,69,373","6,94,86,04,470.75","2,07,460","19,67,376","55.12"
"KOTAKBANK","EQ","11-Feb-2025","1,960.15","1,964.60","1,970.50","1,906.60","1,920.00","1,918.60","1,926.10","35,06,682","6,75,42,05,133.50","1,29,372","20,44,027","58.29"
"KOTAKBANK","EQ","12-Feb-2025","1,918.60","1,923.45","1,949.00","1,904.95","1,945.50","1,943.95","1,928.97","32,19,004","6,20,93,67,285.90","1,44,108","21,51,378","66.83"
"KOTAKBANK","EQ","13-Feb-2025","1,943.95","1,963.00","1,992.80","1,960.55","1,964.75","1,972.80","1,976.93","1,26,78,373","25,06,42,93,113.80","3,76,384","93,18,555","73.50"
"KOTAKBANK","EQ","14-Feb-2025","1,972.80","1,974.00","1,974.00","1,933.35","1,949.80","1,952.40","1,949.13","26,10,048","5,08,73,22,578.35","1,26,283","18,43,288","70.62"
"KOTAKBANK","EQ","17-Feb-2025","1,952.40","1,955.00","1,963.95","1,932.65","1,941.80","1,945.30","1,944.22","23,00,119","4,47,19,42,649.50","1,30,009","14,72,467","64.02"
"KOTAKBANK","EQ","18-Feb-2025","1,945.30","1,942.05","1,966.00","1,939.15","1,962.25","1,963.35","1,954.27","43,44,125","8,48,95,88,689.55","3,18,968","34,15,548","78.62"
"KOTAKBANK","EQ","19-Feb-2025","1,963.35","1,963.95","1,994.90","1,962.00","1,986.90","1,985.00","1,980.98","39,14,165","7,75,38,77,794.10","1,55,867","28,95,982","73.99"
"KOTAKBANK","EQ","20-Feb-2025","1,985.00","1,982.30","1,982.35","1,960.00","1,970.00","1,970.55","1,970.23","47,24,372","9,30,80,88,595.80","1,41,849","35,84,238","75.87"
"KOTAKBANK","EQ","21-Feb-2025","1,970.55","1,970.55","1,978.35","1,934.50","1,950.15","1,953.05","1,946.30","40,08,552","7,80,18,50,138.90","1,98,921","29,22,167","72.90"
"KOTAKBANK","EQ","24-Feb-2025","1,953.05","1,938.30","1,970.00","1,933.55","1,960.70","1,966.10","1,956.49","22,18,081","4,33,96,52,971.95","1,58,716","15,14,480","68.28"
"KOTAKBANK","EQ","25-Feb-2025","1,966.10","1,969.00","1,979.55","1,958.60","1,966.90","1,967.25","1,969.02","40,19,894","7,91,52,42,329.90","1,44,013","26,39,437","65.66"
"KOTAKBANK","EQ","27-Feb-2025","1,967.25","1,972.00","1,975.00","1,939.90","1,941.90","1,947.55","1,950.41","37,08,068","7,23,22,52,744.20","1,49,866","24,31,825","65.58"
"KOTAKBANK","EQ","28-Feb-2025","1,947.55","1,937.05","1,937.05","1,893.90","1,898.45","1,902.95","1,909.71","69,70,315","13,31,13,13,990.40","1,75,774","53,59,792","76.89"
"KOTAKBANK","EQ","03-Mar-2025","1,902.95","1,905.55","1,923.65","1,895.20","1,914.95","1,914.60","1,911.53","26,07,790","4,98,48,71,747.15","1,71,519","19,23,658","73.77"
"KOTAKBANK","EQ","04-Mar-2025","1,914.60","1,901.15","1,916.00","1,896.75","1,911.10","1,907.80","1,908.71","31,72,050","6,05,45,19,747.75","1,16,275","23,95,584","75.52"
"KOTAKBANK","EQ","05-Mar-2025","1,907.80","1,903.10","1,953.65","1,895.40","1,936.80","1,933.10","1,935.13","38,11,688","7,37,61,09,100.75","1,64,160","28,19,608","73.97"
"KOTAKBANK","EQ","06-Mar-2025","1,933.10","1,944.00","1,944.95","1,909.85","1,920.15","1,921.70","1,923.49","51,93,093","9,98,88,39,292.05","1,72,071","32,99,470","63.54"
"KOTAKBANK","EQ","07-Mar-2025","1,921.70","1,917.00","1,940.60","1,910.05","1,932.00","1,935.40","1,926.46","27,80,338","5,35,62,22,987.95","82,747","19,94,891","71.75"
"KOTAKBANK","EQ","10-Mar-2025","1,935.40","1,932.50","1,940.05","1,916.35","1,920.00","1,921.75","1,931.57","22,28,534","4,30,45,80,195.75","85,417","16,93,390","75.99"
"KOTAKBANK","EQ","11-Mar-2025","1,921.75","1,923.00","1,944.00","1,904.45","1,936.70","1,935.20","1,926.20","32,07,052","6,17,74,11,789.35","1,43,449","23,28,654","72.61"
"KOTAKBANK","EQ","12-Mar-2025","1,935.20","1,940.00","1,997.70","1,938.00","1,979.95","1,982.55","1,980.59","67,04,494","13,27,88,47,229.10","2,64,027","49,61,613","74.00"
"KOTAKBANK","EQ","13-Mar-2025","1,982.55","1,975.70","1,993.35","1,969.55","1,981.50","1,985.10","1,984.97","49,25,794","9,77,75,35,694.00","1,42,227","38,05,982","77.27"
"KOTAKBANK","EQ","17-Mar-2025","1,985.10","1,980.10","1,998.85","1,974.25","1,995.00","1,993.10","1,991.42","31,70,929","6,31,46,47,400.65","1,18,386","24,41,942","77.01"
"KOTAKBANK","EQ","18-Mar-2025","1,993.10","2,000.00","2,039.00","1,988.60","2,035.15","2,034.00","2,022.71","53,84,288","10,89,08,34,384.30","2,03,358","39,86,745","74.04"
"KOTAKBANK","EQ","19-Mar-2025","2,034.00","2,039.25","2,051.00","2,017.25","2,021.95","2,021.55","2,031.39","53,38,288","10,84,41,45,082.70","1,61,325","41,19,969","77.18"
"KOTAKBANK","EQ","20-Mar-2025","2,021.55","2,031.00","2,038.90","2,016.50","2,032.10","2,035.65","2,033.39","26,83,306","5,45,62,20,483.50","1,39,113","19,29,231","71.90"
"KOTAKBANK","EQ","21-Mar-2025","2,035.65","2,040.00","2,097.60","2,035.00","2,073.95","2,079.00","2,076.89","1,88,50,808","39,15,11,11,702.05","2,55,463","1,55,94,431","82.73"
"KOTAKBANK","EQ","24-Mar-2025","2,079.00","2,100.00","2,184.25","2,090.25","2,180.00","2,176.15","2,163.50","85,08,351","18,40,78,45,040.40","2,24,338","56,44,753","66.34"
"KOTAKBANK","EQ","25-Mar-2025","2,176.15","2,179.90","2,202.50","2,160.00","2,171.90","2,170.00","2,187.33","73,42,433","16,06,03,26,791.95","1,85,498","51,08,188","69.57"
"KOTAKBANK","EQ","26-Mar-2025","2,170.00","2,175.00","2,176.00","2,129.90","2,148.65","2,144.90","2,146.30","30,16,916","6,47,52,00,479.05","1,70,269","20,37,736","67.54"
"KOTAKBANK","EQ","27-Mar-2025","2,144.90","2,144.00","2,151.40","2,111.85","2,135.45","2,128.65","2,131.86","94,21,224","20,08,46,95,368.00","1,77,390","69,44,605","73.71"
"KOTAKBANK","EQ","28-Mar-2025","2,128.65","2,139.30","2,179.90","2,139.00","2,174.00","2,171.20","2,167.05","36,72,253","7,95,79,37,513.40","1,78,868","25,55,202","69.58"
"KOTAKBANK","EQ","01-Apr-2025","2,171.20","2,174.30","2,178.50","2,135.90","2,144.30","2,145.90","2,149.86","37,50,939","8,06,40,00,143.20","1,22,843","23,50,347","62.66"
"KOTAKBANK","EQ","02-Apr-2025","2,145.90","2,141.00","2,160.65","2,139.65","2,153.05","2,154.60","2,150.02","21,32,192","4,58,42,55,535.25","1,02,003","16,71,374","78.39"
"KOTAKBANK","EQ","03-Apr-2025","2,154.60","2,129.00","2,151.70","2,127.15","2,133.00","2,132.60","2,135.58","16,94,038","3,61,77,49,638.30","98,442","12,19,957","72.01"
"KOTAKBANK","EQ","04-Apr-2025","2,132.60","2,130.90","2,146.30","2,118.15","2,132.10","2,131.95","2,129.73","37,88,403","8,06,82,77,988.85","2,06,429","27,78,185","73.33"
"KOTAKBANK","EQ","07-Apr-2025","2,131.95","2,018.70","2,083.60","2,000.80","2,044.00","2,037.85","2,038.18","71,39,049","14,55,06,42,674.65","2,61,737","47,78,049","66.93"
"KOTAKBANK","EQ","08-Apr-2025","2,037.85","2,062.45","2,079.90","2,038.00","2,058.00","2,055.15","2,055.65","40,94,339","8,41,65,31,029.20","1,47,239","24,48,594","59.80"
"KOTAKBANK","EQ","09-Apr-2025","2,055.15","2,054.00","2,065.00","2,042.10","2,058.00","2,052.70","2,056.16","39,19,578","8,05,92,83,864.00","1,78,642","26,44,850","67.48"
"KOTAKBANK","EQ","11-Apr-2025","2,052.70","2,065.00","2,139.50","2,058.50","2,109.85","2,111.20","2,112.97","55,94,689","11,82,13,91,565.50","1,72,272","37,70,835","67.40"
"KOTAKBANK","EQ","15-Apr-2025","2,111.20","2,145.00","2,147.00","2,099.60","2,124.00","2,120.20","2,117.60","56,35,664","11,93,40,62,579.30","1,52,731","38,11,548","67.63"
"KOTAKBANK","EQ","16-Apr-2025","2,120.20","2,120.00","2,151.60","2,113.30","2,121.60","2,123.40","2,126.56","28,99,779","6,16,65,51,677.30","1,57,692","18,08,270","62.36"
"KOTAKBANK","EQ","17-Apr-2025","2,123.40","2,115.00","2,193.90","2,097.70","2,185.10","2,188.10","2,156.50","53,88,632","11,62,06,11,762.30","2,26,452","33,18,530","61.58"
"KOTAKBANK","EQ","21-Apr-2025","2,188.10","2,195.00","2,261.20","2,175.40","2,248.70","2,241.40","2,233.48","48,86,498","10,91,38,96,073.50","2,25,372","31,29,368","64.04"
"KOTAKBANK","EQ","22-Apr-2025","2,241.40","2,249.00","2,301.90","2,245.40","2,265.00","2,268.80","2,281.09","67,32,983","15,35,85,15,073.00","1,84,168","46,35,792","68.85"
"KOTAKBANK","EQ","23-Apr-2025","2,268.80","2,285.00","2,290.00","2,220.00","2,221.40","2,227.00","2,240.21","35,23,879","7,89,42,34,352.40","1,27,032","24,58,197","69.76"
"KOTAKBANK","EQ","24-Apr-2025","2,227.00","2,218.00","2,237.90","2,213.70","2,218.10","2,223.00","2,226.32","41,68,537","9,28,05,09,280.70","1,27,119","26,44,360","63.44"
"KOTAKBANK","EQ","25-Apr-2025","2,223.00","2,220.00","2,233.40","2,178.20","2,196.60","2,204.40","2,199.67","21,36,003","4,69,84,91,084.20","1,02,382","12,38,134","57.96"
"KOTAKBANK","EQ","28-Apr-2025","2,204.40","2,197.00","2,231.80","2,189.40","2,222.20","2,225.60","2,223.61","24,38,178","5,42,15,57,256.30","1,35,201","14,96,152","61.36"
"KOTAKBANK","EQ","29-Apr-2025","2,225.60","2,225.60","2,247.00","2,198.80","2,202.10","2,205.00","2,219.34","30,58,265","6,78,73,25,662.80","1,15,735","18,02,742","58.95"
"KOTAKBANK","EQ","30-Apr-2025","2,205.00","2,213.90","2,231.00","2,188.20","2,202.00","2,208.10","2,213.18","46,22,917","10,23,13,62,749.40","1,67,166","30,08,971","65.09"
"KOTAKBANK","EQ","02-May-2025","2,208.10","2,204.00","2,223.60","2,171.20","2,180.10","2,185.20","2,191.92","26,79,156","5,87,25,03,958.20","1,52,876","18,27,323","68.21"
"KOTAKBANK","EQ","05-May-2025","2,185.20","2,105.10","2,133.80","2,058.00","2,085.00","2,084.90","2,084.11","88,21,617","18,38,52,32,759.80","3,96,921","46,01,629","52.16"
"KOTAKBANK","EQ","06-May-2025","2,084.90","2,086.00","2,091.40","2,065.00","2,070.00","2,074.00","2,073.44","34,05,097","7,06,02,62,954.30","1,52,782","25,00,690","73.44"
"KOTAKBANK","EQ","07-May-2025","2,074.00","2,063.70","2,101.80","2,054.50","2,100.00","2,094.90","2,082.59","37,39,456","7,78,77,61,747.40","1,51,407","28,19,147","75.39"
"KOTAKBANK","EQ","08-May-2025","2,094.90","2,099.00","2,138.70","2,094.90","2,106.20","2,112.60","2,117.04","69,24,871","14,66,02,06,437.20","2,47,991","48,99,386","70.75"
"KOTAKBANK","EQ","09-May-2025","2,112.60","2,075.00","2,120.00","2,075.00","2,106.60","2,103.10","2,102.27","46,54,300","9,78,45,80,066.80","1,00,815","27,85,775","59.85"
"KOTAKBANK","EQ","12-May-2025","2,103.10","2,134.00","2,163.60","2,126.10","2,143.00","2,145.00","2,147.90","30,21,874","6,49,06,87,308.50","1,50,244","20,86,867","69.06"
"KOTAKBANK","EQ","13-May-2025","2,145.00","2,135.00","2,146.10","2,101.10","2,119.00","2,115.60","2,112.50","43,07,824","9,10,02,90,325.20","1,60,711","28,53,755","66.25"
"KOTAKBANK","EQ","14-May-2025","2,115.60","2,111.00","2,119.90","2,084.00","2,091.90","2,092.40","2,098.93","21,37,594","4,48,66,68,237.30","1,33,616","12,78,396","59.81"
"KOTAKBANK","EQ","15-May-2025","2,092.40","2,085.10","2,112.00","2,065.40","2,101.60","2,106.40","2,088.88","42,62,359","8,90,35,49,720.40","1,58,406","21,13,388","49.58"
"KOTAKBANK","EQ","16-May-2025","2,106.40","2,099.90","2,114.90","2,090.10","2,109.80","2,108.20","2,102.75","20,57,908","4,32,72,58,232.20","1,36,716","13,45,339","65.37"
"KOTAKBANK","EQ","19-May-2025","2,108.20","2,102.00","2,124.00","2,100.40","2,110.00","2,111.20","2,113.10","15,05,704","3,18,17,07,246.10","74,401","8,73,450","58.01"
"KOTAKBANK","EQ","20-May-2025","2,111.20","2,114.80","2,117.90","2,084.70","2,095.50","2,090.10","2,096.69","39,09,098","8,19,61,84,704.60","1,08,787","26,72,071","68.36"
"KOTAKBANK","EQ","21-May-2025","2,090.10","2,095.00","2,096.30","2,060.00","2,072.50","2,071.30","2,075.93","21,41,740","4,44,61,04,290.80","92,311","12,08,646","56.43"
"KOTAKBANK","EQ","22-May-2025","2,071.30","2,074.00","2,077.60","2,050.70","2,073.00","2,065.80","2,060.26","32,89,328","6,77,68,86,431.90","1,24,898","21,41,340","65.10"
"KOTAKBANK","EQ","23-May-2025","2,065.80","2,065.80","2,109.30","2,065.80","2,101.00","2,100.80","2,092.87","16,50,953","3,45,52,26,380.70","84,436","9,67,218","58.59"
"KOTAKBANK","EQ","26-May-2025","2,100.80","2,090.10","2,112.00","2,085.10","2,090.00","2,089.30","2,094.01","20,40,285","4,27,23,68,815.30","1,05,239","12,40,691","60.81"
"KOTAKBANK","EQ","27-May-2025","2,089.30","2,090.00","2,099.00","2,061.20","2,075.00","2,077.40","2,075.40","34,59,940","7,18,07,70,045.40","1,71,852","18,88,039","54.57"
"KOTAKBANK","EQ","28-May-2025","2,077.40","2,075.00","2,080.40","2,063.40","2,075.80","2,074.30","2,071.12","16,34,636","3,38,55,27,423.40","1,29,774","7,96,992","48.76"
"KOTAKBANK","EQ","29-May-2025","2,074.30","2,077.30","2,096.00","2,055.00","2,095.50","2,081.60","2,072.12","49,87,382","10,33,44,77,440.30","2,15,480","22,98,490","46.09"
"KOTAKBANK","EQ","30-May-2025","2,081.60","2,081.60","2,090.20","2,065.50","2,077.30","2,074.70","2,073.92","98,07,728","20,34,04,39,031.70","1,49,470","71,78,219","73.19"
"KOTAKBANK","EQ","02-Jun-2025","2,074.70","2,067.00","2,075.80","2,051.20","2,061.20","2,063.60","2,063.23","27,01,140","5,57,30,62,627.30","1,00,334","19,29,044","71.42"
"KOTAKBANK","EQ","03-Jun-2025","2,063.60","2,070.00","2,075.80","2,034.20","2,041.00","2,044.50","2,046.71","64,63,818","13,22,95,44,700.90","1,46,118","48,10,316","74.42"
"KOTAKBANK","EQ","04-Jun-2025","2,044.50","2,047.10","2,058.50","2,040.80","2,050.00","2,046.30","2,049.35","23,31,114","4,77,72,63,462.60","75,351","18,36,122","78.77"
"KOTAKBANK","EQ","05-Jun-2025","2,046.30","2,054.80","2,056.40","2,034.20","2,038.70","2,039.90","2,043.06","37,25,332","7,61,10,88,825.70","1,26,179","23,44,269","62.93"
"KOTAKBANK","EQ","06-Jun-2025","2,039.90","2,043.90","2,084.90","2,033.80","2,072.00","2,073.40","2,063.76","44,24,324","9,13,07,23,828.40","1,28,807","29,79,611","67.35"
"KOTAKBANK","EQ","09-Jun-2025","2,073.40","2,111.00","2,142.40","2,090.00","2,140.80","2,138.20","2,129.81","57,79,088","12,30,83,78,383.50","1,13,678","39,18,310","67.80"
"KOTAKBANK","EQ","10-Jun-2025","2,138.20","2,146.70","2,172.90","2,138.20","2,148.00","2,151.10","2,155.97","49,15,742","10,59,81,88,434.40","1,08,007","35,33,255","71.88"
"KOTAKBANK","EQ","11-Jun-2025","2,151.10","2,149.00","2,160.70","2,133.00","2,148.50","2,145.30","2,148.07","17,82,061","3,82,79,86,707.50","55,961","11,29,133","63.36"
"KOTAKBANK","EQ","12-Jun-2025","2,145.30","2,145.30","2,148.80","2,122.20","2,122.20","2,126.80","2,130.51","29,78,172","6,34,50,24,693.10","95,131","17,90,949","60.14"
"KOTAKBANK","EQ","13-Jun-2025","2,126.80","2,072.00","2,122.00","2,072.00","2,106.00","2,107.40","2,100.01","44,67,274","9,38,13,32,589.60","1,13,311","29,77,268","66.65"
"KOTAKBANK","EQ","16-Jun-2025","2,107.40","2,107.90","2,144.70","2,088.80","2,138.00","2,139.00","2,130.30","29,41,596","6,26,64,95,870.30","1,04,591","19,97,894","67.92"
"KOTAKBANK","EQ","17-Jun-2025","2,139.00","2,139.00","2,155.80","2,130.20","2,137.00","2,136.80","2,139.67","31,08,300","6,65,07,23,482.60","1,06,198","21,94,689","70.61"
"KOTAKBANK","EQ","18-Jun-2025","2,136.80","2,125.00","2,137.40","2,108.70","2,134.90","2,132.40","2,124.20","39,00,651","8,28,57,78,309.20","1,19,789","27,25,729","69.88"
"KOTAKBANK","EQ","19-Jun-2025","2,132.40","2,139.50","2,154.70","2,133.10","2,143.10","2,146.40","2,147.87","34,05,199","7,31,39,25,306.50","1,15,960","21,68,994","63.70"
"KOTAKBANK","EQ","20-Jun-2025","2,146.40","2,145.00","2,176.00","2,131.30","2,170.90","2,169.80","2,162.11","33,72,636","7,29,19,95,294.50","98,935","23,84,250","70.69"
"KOTAKBANK","EQ","23-Jun-2025","2,169.80","2,158.10","2,189.70","2,151.20","2,177.80","2,184.10","2,174.42","17,20,614","3,74,13,38,164.90","90,186","11,54,463","67.10"
"KOTAKBANK","EQ","24-Jun-2025","2,184.10","2,208.00","2,233.60","2,191.40","2,219.80","2,223.60","2,218.15","56,04,520","12,43,16,88,382.70","1,72,294","36,40,132","64.95"
"KOTAKBANK","EQ","25-Jun-2025","2,223.60","2,223.00","2,223.60","2,191.00","2,195.00","2,198.30","2,206.13","35,75,429","7,88,78,65,688.70","1,33,339","24,25,995","67.85"
"KOTAKBANK","EQ","26-Jun-2025","2,198.30","2,202.40","2,210.00","2,180.00","2,202.00","2,203.90","2,196.16","56,70,127","12,45,25,29,994.00","1,85,515","32,91,248","58.05"
"KOTAKBANK","EQ","27-Jun-2025","2,203.90","2,210.00","2,217.30","2,182.60","2,201.00","2,207.90","2,202.84","96,49,439","21,25,61,31,132.20","1,54,539","77,80,937","80.64"
"KOTAKBANK","EQ","30-Jun-2025","2,207.90","2,207.90","2,209.00","2,154.50","2,160.00","2,163.50","2,172.60","37,27,657","8,09,87,24,539.40","1,51,761","28,74,103","77.10"
"KOTAKBANK","EQ","01-Jul-2025","2,163.50","2,163.50","2,186.50","2,159.30","2,182.00","2,183.60","2,176.38","40,25,754","8,76,15,73,877.20","98,051","29,82,386","74.08"
"KOTAKBANK","EQ","02-Jul-2025","2,183.60","2,185.00","2,197.20","2,161.00","2,164.50","2,169.10","2,178.66","18,76,511","4,08,82,73,845.60","74,220","12,19,076","64.97"
"KOTAKBANK","EQ","03-Jul-2025","2,169.10","2,139.10","2,151.90","2,121.90","2,125.00","2,126.60","2,135.12","46,67,399","9,96,54,74,546.20","1,58,196","31,37,220","67.22"
"KOTAKBANK","EQ","04-Jul-2025","2,126.60","2,124.00","2,137.30","2,111.00","2,130.00","2,129.80","2,121.87","16,86,215","3,57,79,23,956.60","70,200","11,94,639","70.85"
"KOTAKBANK","EQ","07-Jul-2025","2,129.80","2,130.00","2,156.80","2,121.80","2,150.00","2,149.80","2,141.11","21,70,585","4,64,74,53,071.40","1,03,317","15,90,525","73.28"
"KOTAKBANK","EQ","08-Jul-2025","2,149.80","2,185.00","2,241.50","2,176.20","2,223.90","2,224.50","2,222.87","75,26,291","16,72,99,79,560.40","2,15,408","37,00,227","49.16"
"KOTAKBANK","EQ","09-Jul-2025","2,224.50","2,217.00","2,234.10","2,214.00","2,225.80","2,229.30","2,223.90","20,20,902","4,49,42,77,838.50","85,935","13,95,086","69.03"
"KOTAKBANK","EQ","10-Jul-2025","2,229.30","2,229.10","2,242.70","2,186.90","2,216.90","2,203.80","2,208.95","57,21,813","12,63,91,83,353.20","61,383","49,13,234","85.87"
"KOTAKBANK","EQ","11-Jul-2025","2,203.80","2,201.80","2,225.00","2,198.60","2,216.00","2,220.60","2,213.96","26,79,166","5,93,15,66,661.00","81,654","18,26,808","68.19"
"KOTAKBANK","EQ","14-Jul-2025","2,220.60","2,223.90","2,227.00","2,197.30","2,206.60","2,203.80","2,207.92","23,95,337","5,28,87,07,256.30","71,299","18,27,627","76.30"
"KOTAKBANK","EQ","15-Jul-2025","2,203.80","2,210.00","2,233.60","2,181.90","2,188.10","2,188.10","2,208.82","29,74,143","6,56,93,52,786.40","1,03,884","20,28,561","68.21"
"KOTAKBANK","EQ","16-Jul-2025","2,188.10","2,184.10","2,190.00","2,156.00","2,178.90","2,179.40","2,176.72","22,87,703","4,97,96,91,411.70","1,27,771","15,44,892","67.53"
"KOTAKBANK","EQ","17-Jul-2025","2,179.40","2,175.00","2,191.70","2,166.70","2,172.80","2,170.80","2,173.59","21,79,561","4,73,74,62,085.00","73,161","14,82,839","68.03"
"KOTAKBANK","EQ","18-Jul-2025","2,170.80","2,167.60","2,168.00","2,131.00","2,132.00","2,140.50","2,142.89","25,66,543","5,49,98,25,900.20","95,801","16,97,440","66.14"
"KOTAKBANK","EQ","21-Jul-2025","2,140.50","2,138.10","2,167.60","2,130.20","2,164.50","2,165.20","2,158.58","18,27,099","3,94,39,42,172.40","1,03,601","12,73,300","69.69"
"KOTAKBANK","EQ","22-Jul-2025","2,165.20","2,172.00","2,175.00","2,145.00","2,160.20","2,160.20","2,155.34","15,64,562","3,37,21,70,187.70","81,409","10,39,528","66.44"
"KOTAKBANK","EQ","23-Jul-2025","2,160.20","2,171.00","2,179.80","2,156.20","2,165.40","2,170.40","2,169.20","27,90,541","6,05,32,31,809.80","94,781","21,90,026","78.48"
"KOTAKBANK","EQ","24-Jul-2025","2,170.40","2,165.40","2,171.80","2,140.00","2,143.00","2,142.10","2,147.77","20,58,400","4,42,09,71,711.50","83,014","14,02,675","68.14"
"KOTAKBANK","EQ","25-Jul-2025","2,142.10","2,139.10","2,149.90","2,118.30","2,121.20","2,124.60","2,127.28","17,45,475","3,71,31,19,465.40","78,508","11,90,858","68.23"
"KOTAKBANK","EQ","28-Jul-2025","2,124.60","2,025.30","2,055.30","1,960.00","1,968.70","1,966.60","1,987.22","1,38,24,699","27,47,27,70,046.40","5,12,656","83,95,322","60.73"
"KOTAKBANK","EQ","29-Jul-2025","1,966.60","1,967.00","1,979.70","1,953.00","1,970.20","1,972.70","1,964.82","50,43,934","9,91,04,43,940.70","1,38,864","32,42,963","64.29"
"KOTAKBANK","EQ","30-Jul-2025","1,972.70","1,966.10","1,980.90","1,957.00","1,959.20","1,959.70","1,965.97","35,89,991","7,05,78,21,185.50","1,40,088","26,47,294","73.74"
"KOTAKBANK","EQ","31-Jul-2025","1,959.70","1,941.20","1,998.60","1,935.00","1,980.00","1,978.60","1,966.61","43,03,918","8,46,41,40,289.00","1,60,167","25,13,111","58.39"
"KOTAKBANK","EQ","01-Aug-2025","1,978.60","1,983.00","2,007.00","1,972.10","1,995.90","1,992.40","1,994.29","26,72,373","5,32,94,83,556.70","1,26,548","17,90,401","67.00"
"KOTAKBANK","EQ","04-Aug-2025","1,992.40","1,987.00","2,007.00","1,982.10","1,996.10","1,997.00","1,996.26","15,43,261","3,08,07,52,088.20","75,232","10,58,341","68.58"
"KOTAKBANK","EQ","05-Aug-2025","1,997.00","2,008.00","2,008.00","1,994.80","2,004.00","2,003.00","2,001.29","24,21,332","4,84,57,86,895.30","1,32,422","16,82,857","69.50"
"KOTAKBANK","EQ","06-Aug-2025","2,003.00","2,003.00","2,025.60","1,992.70","2,003.90","2,002.40","2,006.48","26,62,279","5,34,18,00,564.10","1,29,508","18,44,469","69.28"
"KOTAKBANK","EQ","07-Aug-2025","2,002.40","1,981.00","1,995.50","1,965.00","1,994.20","1,992.10","1,970.01","1,45,52,199","28,66,79,13,795.90","1,26,303","1,18,89,232","81.70"
"KOTAKBANK","EQ","08-Aug-2025","1,992.10","1,993.90","1,999.50","1,948.20","1,955.00","1,952.70","1,964.00","21,85,729","4,29,27,65,627.20","82,472","15,76,455","72.12"
"KOTAKBANK","EQ","11-Aug-2025","1,952.70","1,964.00","2,024.00","1,956.40","1,963.10","1,975.90","1,967.84","22,02,513","4,33,41,87,936.70","1,13,496","14,58,389","66.21"
"KOTAKBANK","EQ","12-Aug-2025","1,975.90","1,975.00","1,985.90","1,956.40","1,959.40","1,959.00","1,966.62","15,77,824","3,10,29,76,536.80","98,842","9,55,030","60.53"
"KOTAKBANK","EQ","13-Aug-2025","1,959.00","1,968.00","1,996.30","1,962.20","1,988.70","1,987.70","1,984.79","27,46,733","5,45,16,86,438.80","89,628","19,84,376","72.24"
"KOTAKBANK","EQ","14-Aug-2025","1,987.70","1,988.00","1,993.50","1,975.50","1,980.00","1,978.20","1,982.92","19,84,593","3,93,52,92,729.80","87,181","13,59,198","68.49"
"KOTAKBANK","EQ","18-Aug-2025","1,978.20","1,997.90","2,026.00","1,997.10","2,000.00","2,001.40","2,008.70","43,03,944","8,64,53,37,284.10","1,66,005","31,77,570","73.83"
"KOTAKBANK","EQ","19-Aug-2025","2,001.40","1,994.00","2,032.50","1,992.50","2,027.30","2,029.90","2,022.85","31,11,769","6,29,46,45,526.50","1,27,904","21,59,123","69.39"
"KOTAKBANK","EQ","20-Aug-2025","2,029.90","2,020.50","2,024.20","2,005.50","2,019.50","2,017.50","2,017.30","26,26,941","5,29,93,28,039.00","1,01,944","20,75,135","78.99"
"KOTAKBANK","EQ","21-Aug-2025","2,017.50","2,039.00","2,039.00","2,012.90","2,019.00","2,017.80","2,021.04","28,98,787","5,85,85,53,059.90","1,07,219","20,37,967","70.30"
"KOTAKBANK","EQ","22-Aug-2025","2,017.80","2,010.20","2,018.60","1,980.20","1,983.30","1,986.60","1,993.39","17,91,693","3,57,15,34,944.10","93,202","11,87,856","66.30"
"KOTAKBANK","EQ","25-Aug-2025","1,986.60","1,987.00","1,998.80","1,976.70","1,982.90","1,983.30","1,982.37","23,69,815","4,69,78,56,454.90","94,729","18,53,876","78.23"
"KOTAKBANK","EQ","26-Aug-2025","1,983.30","1,978.00","1,983.90","1,961.20","1,966.00","1,965.70","1,967.71","37,10,138","7,30,04,81,797.30","1,31,652","24,37,595","65.70"
"KOTAKBANK","EQ","28-Aug-2025","1,965.70","1,955.00","1,968.00","1,941.10","1,947.90","1,944.70","1,951.19","35,97,940","7,02,02,59,864.00","2,16,918","24,46,148","67.99"
"KOTAKBANK","EQ","29-Aug-2025","1,944.70","1,950.20","1,984.90","1,950.20","1,959.20","1,960.30","1,966.49","30,74,358","6,04,56,92,871.60","1,12,796","21,21,120","68.99"
"KOTAKBANK","BL","29-Aug-2025","1,869.00","1,944.70","1,944.70","1,944.70","1,944.70","1,944.70","1,944.70","1,75,693","34,16,70,177.10","1","-","-"
"KOTAKBANK","EQ","01-Sep-2025","1,960.30","1,960.30","1,972.80","1,955.20","1,965.10","1,968.60","1,964.42","15,78,322","3,10,04,81,920.20","89,412","11,43,978","72.48"
"KOTAKBANK","BL","01-Sep-2025","1,944.70","1,960.30","1,960.30","1,960.30","1,960.30","1,960.30","1,960.30","4,91,903","96,42,77,450.90","1","-","-"
"KOTAKBANK","EQ","02-Sep-2025","1,968.60","1,966.00","1,975.20","1,940.40","1,944.90","1,942.50","1,952.52","25,83,419","5,04,41,66,511.60","1,27,240","19,06,551","73.80"
"KOTAKBANK","EQ","03-Sep-2025","1,942.50","1,944.00","1,963.80","1,931.10","1,962.30","1,960.20","1,946.64","40,07,454","7,80,10,64,883.90","1,47,747","29,41,954","73.41"
"KOTAKBANK","BL","03-Sep-2025","1,960.30","1,942.50","1,942.50","1,942.50","1,942.50","1,942.50","1,942.50","4,35,762","84,64,67,685.00","1","-","-"
"KOTAKBANK","EQ","04-Sep-2025","1,960.20","1,961.00","1,971.70","1,946.50","1,947.00","1,949.70","1,954.90","18,91,459","3,69,76,14,569.40","1,07,220","12,07,310","63.83"
"KOTAKBANK","BL","04-Sep-2025","1,942.50","1,960.20","1,960.20","1,960.20","1,960.20","1,960.20","1,960.20","3,17,055","62,14,91,211.00","1","-","-"
"KOTAKBANK","EQ","05-Sep-2025","1,949.70","1,949.70","1,957.30","1,937.10","1,939.50","1,945.50","1,946.61","19,81,252","3,85,67,33,879.40","98,539","14,17,439","71.54"
"KOTAKBANK","EQ","08-Sep-2025","1,945.50","1,942.50","1,961.50","1,931.50","1,947.90","1,950.10","1,945.23","25,05,558","4,87,38,84,399.50","92,056","16,83,461","67.19"
"KOTAKBANK","EQ","09-Sep-2025","1,950.10","1,956.00","1,965.90","1,939.80","1,960.40","1,960.40","1,953.25","31,74,784","6,20,11,55,219.90","93,855","18,54,366","58.41"
"KOTAKBANK","EQ","10-Sep-2025","1,960.40","1,984.90","1,988.90","1,965.80","1,972.90","1,973.30","1,976.77","85,20,902","16,84,38,66,751.20","1,62,741","49,89,323","58.55"
"KOTAKBANK","BL","10-Sep-2025","1,960.20","1,940.80","1,940.80","1,940.80","1,940.80","1,940.80","1,940.80","3,22,34,820","62,56,13,38,656.00","73","-","-"
"KOTAKBANK","EQ","11-Sep-2025","1,973.30","1,977.00","1,985.00","1,963.30","1,969.90","1,972.30","1,974.42","23,63,267","4,66,60,81,410.30","94,734","16,31,365","69.03"
"KOTAKBANK","BL","11-Sep-2025","1,940.80","1,981.00","1,981.00","1,981.00","1,981.00","1,981.00","1,981.00","5,97,227","1,18,31,06,687.00","1","-","-"
"KOTAKBANK","BL","12-Sep-2025","1,981.00","1,972.30","1,972.30","1,972.30","1,972.30","1,972.30","1,972.30","4,72,450","93,18,13,135.00","1","-","-"
"KOTAKBANK","EQ","12-Sep-2025","1,972.30","1,973.20","1,985.00","1,966.00","1,974.70","1,972.30","1,975.37","36,15,457","7,14,18,79,436.50","1,15,326","30,00,114","82.98"
"KOTAKBANK","EQ","15-Sep-2025","1,972.30","1,968.00","1,981.60","1,964.90","1,970.00","1,970.80","1,971.67","26,19,626","5,16,50,40,976.50","1,31,673","21,26,703","81.18"
"KOTAKBANK","EQ","16-Sep-2025","1,970.80","1,976.40","2,030.50","1,973.20","2,023.50","2,021.70","2,014.63","40,16,877","8,09,25,11,190.70","1,59,020","25,77,644","64.17"
"KOTAKBANK","EQ","17-Sep-2025","2,021.70","2,029.00","2,052.70","2,020.30","2,051.00","2,050.30","2,043.32","47,83,438","9,77,40,81,395.70","1,55,681","37,01,523","77.38"
"KOTAKBANK","EQ","18-Sep-2025","2,050.30","2,050.00","2,061.30","2,042.20","2,055.00","2,054.60","2,053.56","34,84,116","7,15,48,26,484.30","1,46,963","25,79,187","74.03"
"KOTAKBANK","EQ","19-Sep-2025","2,054.60","2,054.60","2,054.60","2,027.40","2,038.80","2,031.00","2,034.40","44,86,225","9,12,67,63,894.30","88,819","35,35,842","78.82"
"KOTAKBANK","EQ","22-Sep-2025","2,031.00","2,032.00","2,039.60","2,017.40","2,020.10","2,021.70","2,030.97","26,45,982","5,37,39,02,153.90","75,416","20,46,858","77.36"
"KOTAKBANK","EQ","23-Sep-2025","2,021.70","2,023.00","2,053.10","2,008.40","2,052.00","2,047.70","2,034.61","50,85,648","10,34,72,90,910.70","1,28,377","36,29,028","71.36"
"KOTAKBANK","EQ","24-Sep-2025","2,047.70","2,042.00","2,048.10","2,029.00","2,032.00","2,031.30","2,037.26","36,78,877","7,49,48,34,078.00","1,22,640","29,00,304","78.84"
"KOTAKBANK","EQ","25-Sep-2025","2,031.30","2,032.30","2,037.50","2,010.00","2,014.80","2,013.50","2,019.65","40,07,855","8,09,44,74,522.70","1,20,464","28,34,310","70.72"
"KOTAKBANK","BL","26-Sep-2025","1,972.30","2,013.50","2,013.50","2,013.50","2,013.50","2,013.50","2,013.50","1,16,911","23,54,00,298.50","1","-","-"
"KOTAKBANK","EQ","26-Sep-2025","2,013.50","2,009.00","2,019.20","1,989.10","1,993.60","1,994.80","1,997.34","19,19,165","3,83,32,24,500.90","88,645","12,92,988","67.37"
"KOTAKBANK","EQ","29-Sep-2025","1,994.80","1,995.90","2,003.70","1,970.30","1,981.80","1,991.60","1,988.76","53,06,102","10,55,25,66,643.00","1,44,901","40,60,247","76.52"
"KOTAKBANK","EQ","30-Sep-2025","1,991.60","2,004.00","2,015.00","1,986.10","1,996.00","1,992.70","1,995.99","58,61,937","11,70,03,96,376.20","1,26,531","36,87,362","62.90"
"KOTAKBANK","EQ","01-Oct-2025","1,992.70","1,986.00","2,072.00","1,986.00","2,067.70","2,063.30","2,047.71","61,15,951","12,52,36,95,591.30","1,46,268","40,95,054","66.96"
"KOTAKBANK","EQ","03-Oct-2025","2,063.30","2,063.30","2,108.00","2,062.00","2,108.00","2,100.50","2,093.36","47,35,930","9,91,40,26,508.60","1,82,132","33,33,149","70.38"